M,D,Îµ,R
5.972e24,4.4880000000000084e10,1.0e-8,1.084277e8
5.972e24,5.064842076179947e10,1.0e-8,1.084277e8
5.972e24,5.7158255919435715e10,1.0e-8,1.084277e8
5.972e24,6.450479937206279e10,1.0e-8,1.084277e8
5.972e24,7.27955931317221e10,1.0e-8,1.084277e8
5.972e24,8.215200157175165e10,1.0e-8,1.084277e8
5.972e24,9.271098801314798e10,1.0e-8,1.084277e8
5.972e24,1.0462711965534886e11,1.0e-8,1.084277e8
5.972e24,1.1807483020051779e11,1.0e-8,1.084277e8
5.972e24,1.3325097329264297e11,1.0e-8,1.084277e8
5.972e24,1.5037770414984564e11,1.0e-8,1.084277e8
5.972e24,1.697057315725215e11,1.0e-8,1.084277e8
5.972e24,1.9151798793168564e11,1.0e-8,1.084277e8
5.972e24,2.1613377086045517e11,1.0e-8,1.084277e8
5.972e24,2.4391341727661914e11,1.0e-8,1.084277e8
5.972e24,2.752635781567402e11,1.0e-8,1.084277e8
5.972e24,3.106431712763152e11,1.0e-8,1.084277e8
5.972e24,3.50570099054869e11,1.0e-8,1.084277e8
5.972e24,3.95628829844846e11,1.0e-8,1.084277e8
5.972e24,4.4647895364260455e11,1.0e-8,1.084277e8
5.972e24,5.0386483746387146e11,1.0e-8,1.084277e8
5.972e24,5.686265217233893e11,1.0e-8,1.084277e8
5.972e24,6.417120171248813e11,1.0e-8,1.084277e8
5.972e24,7.241911820687164e11,1.0e-8,1.084277e8
5.972e24,8.172713837210608e11,1.0e-8,1.084277e8
5.972e24,9.223151719982683e11,1.0e-8,1.084277e8
5.972e24,1.0408602251862667e12,1.0e-8,1.084277e8
5.972e24,1.1746418591678938e12,1.0e-8,1.084277e8
5.972e24,1.3256184297584172e12,1.0e-8,1.084277e8
5.972e24,1.4960000000000024e12,1.0e-8,1.084277e8
5.972e24,4.4880000000000084e10,1.0e-10,2.4501159749594554e7
5.972e24,5.064842076179947e10,1.0e-10,2.3108429232028373e7
5.972e24,5.7158255919435715e10,1.0e-10,2.1429643168603472e7
5.972e24,6.450479937206279e10,1.0e-10,2.0720116605696436e7
5.972e24,7.27955931317221e10,1.0e-10,1.9736641669993296e7
5.972e24,8.215200157175165e10,1.0e-10,1.9117577726532634e7
5.972e24,9.271098801314798e10,1.0e-10,1.8675256776900943e7
5.972e24,1.0462711965534886e11,1.0e-10,1.8137043951418664e7
5.972e24,1.1807483020051779e11,1.0e-10,1.7905458704204045e7
5.972e24,1.3325097329264297e11,1.0e-10,1.780049521277216e7
5.972e24,1.5037770414984564e11,1.0e-10,1.770952827062483e7
5.972e24,1.697057315725215e11,1.0e-10,1.7704870106117513e7
5.972e24,1.9151798793168564e11,1.0e-10,1.7669873571790103e7
5.972e24,2.1613377086045517e11,1.0e-10,1.7674199820414662e7
5.972e24,2.4391341727661914e11,1.0e-10,1.7704714804359667e7
5.972e24,2.752635781567402e11,1.0e-10,1.7684303333864734e7
5.972e24,3.106431712763152e11,1.0e-10,1.7757032734863333e7
5.972e24,3.50570099054869e11,1.0e-10,1.7535179376196977e7
5.972e24,3.95628829844846e11,1.0e-10,1.7640087798306957e7
5.972e24,4.4647895364260455e11,1.0e-10,1.764182879244596e7
5.972e24,5.0386483746387146e11,1.0e-10,1.762159331066843e7
5.972e24,5.686265217233893e11,1.0e-10,1.7586512929882072e7
5.972e24,6.417120171248813e11,1.0e-10,1.7586815936650362e7
5.972e24,7.241911820687164e11,1.0e-10,1.767049021295821e7
5.972e24,8.172713837210608e11,1.0e-10,1.7698669026860498e7
5.972e24,9.223151719982683e11,1.0e-10,1.7611556427114062e7
5.972e24,1.0408602251862667e12,1.0e-10,1.7582255987462115e7
5.972e24,1.1746418591678938e12,1.0e-10,1.754814757081924e7
5.972e24,1.3256184297584172e12,1.0e-10,1.7472853379700024e7
5.972e24,1.4960000000000024e12,1.0e-10,1.7402923367731363e7
5.972e24,4.4880000000000084e10,1.0e-12,2.291053737057155e7
5.972e24,5.064842076179947e10,1.0e-12,2.093331578756708e7
5.972e24,5.7158255919435715e10,1.0e-12,1.925575593752555e7
5.972e24,6.450479937206279e10,1.0e-12,1.7585173869475476e7
5.972e24,7.27955931317221e10,1.0e-12,1.6618882121294627e7
5.972e24,8.215200157175165e10,1.0e-12,1.5749349467829732e7
5.972e24,9.271098801314798e10,1.0e-12,1.506334560824723e7
5.972e24,1.0462711965534886e11,1.0e-12,1.4209000883220615e7
5.972e24,1.1807483020051779e11,1.0e-12,1.420233819118034e7
5.972e24,1.3325097329264297e11,1.0e-12,1.3791842609702878e7
5.972e24,1.5037770414984564e11,1.0e-12,1.3256793572809018e7
5.972e24,1.697057315725215e11,1.0e-12,1.3069225232337633e7
5.972e24,1.9151798793168564e11,1.0e-12,1.2804913587262416e7
5.972e24,2.1613377086045517e11,1.0e-12,1.273766853004422e7
5.972e24,2.4391341727661914e11,1.0e-12,1.2764671781134393e7
5.972e24,2.752635781567402e11,1.0e-12,1.2566975983135967e7
5.972e24,3.106431712763152e11,1.0e-12,1.2453315570244197e7
5.972e24,3.50570099054869e11,1.0e-12,1.30744904614891e7
5.972e24,3.95628829844846e11,1.0e-12,1.2289581469040968e7
5.972e24,4.4647895364260455e11,1.0e-12,1.223245926072127e7
5.972e24,5.0386483746387146e11,1.0e-12,1.2116166345698407e7
5.972e24,5.686265217233893e11,1.0e-12,1.2103671145460762e7
5.972e24,6.417120171248813e11,1.0e-12,1.2184295628635965e7
5.972e24,7.241911820687164e11,1.0e-12,1.222215099620633e7
5.972e24,8.172713837210608e11,1.0e-12,1.2167555262682844e7
5.972e24,9.223151719982683e11,1.0e-12,1.2135996519867694e7
5.972e24,1.0408602251862667e12,1.0e-12,1.2077770007808402e7
5.972e24,1.1746418591678938e12,1.0e-12,1.2827969245952304e7
5.972e24,1.3256184297584172e12,1.0e-12,1.2042462259621177e7
5.972e24,1.4960000000000024e12,1.0e-12,1.261760990783826e7
5.972e24,4.4880000000000084e10,1.0e-14,2.294435234574482e7
5.972e24,5.064842076179947e10,1.0e-14,2.089172898204888e7
5.972e24,5.7158255919435715e10,1.0e-14,1.925156905084244e7
5.972e24,6.450479937206279e10,1.0e-14,1.755136933708656e7
5.972e24,7.27955931317221e10,1.0e-14,1.6534421536262538e7
5.972e24,8.215200157175165e10,1.0e-14,1.556357793513013e7
5.972e24,9.271098801314798e10,1.0e-14,1.4831736413902009e7
5.972e24,1.0462711965534886e11,1.0e-14,1.4052099264766613e7
5.972e24,1.1807483020051779e11,1.0e-14,1.3619594329832215e7
5.972e24,1.3325097329264297e11,1.0e-14,1.2895361964683345e7
5.972e24,1.5037770414984564e11,1.0e-14,1.2423816150585435e7
5.972e24,1.697057315725215e11,1.0e-14,1.222549403782718e7
5.972e24,1.9151798793168564e11,1.0e-14,1.1745473058375115e7
5.972e24,2.1613377086045517e11,1.0e-14,1.1720614140140286e7
5.972e24,2.4391341727661914e11,1.0e-14,1.1692459961061038e7
5.972e24,2.752635781567402e11,1.0e-14,1.1339132410338793e7
5.972e24,3.106431712763152e11,1.0e-14,1.1351444573080279e7
5.972e24,3.50570099054869e11,1.0e-14,1.1220704120293602e7
5.972e24,3.95628829844846e11,1.0e-14,1.0867150451945405e7
5.972e24,4.4647895364260455e11,1.0e-14,1.071508940840388e7
5.972e24,5.0386483746387146e11,1.0e-14,1.0739843163657311e7
5.972e24,5.686265217233893e11,1.0e-14,1.0614386698159477e7
5.972e24,6.417120171248813e11,1.0e-14,1.0583944102946233e7
5.972e24,7.241911820687164e11,1.0e-14,1.0580627084791908e7
5.972e24,8.172713837210608e11,1.0e-14,1.0472568385526935e7
5.972e24,9.223151719982683e11,1.0e-14,1.0355222950987482e7
5.972e24,1.0408602251862667e12,1.0e-14,1.0390268792002952e7
5.972e24,1.1746418591678938e12,1.0e-14,1.0322201778917037e7
5.972e24,1.3256184297584172e12,1.0e-14,1.0171706699622285e7
5.972e24,1.4960000000000024e12,1.0e-14,9.844752093226533e6
1.7916e25,4.4880000000000084e10,1.0e-8,2.3623499016028877e7
1.7916e25,5.064842076179947e10,1.0e-8,2.3537163024376336e7
1.7916e25,5.7158255919435715e10,1.0e-8,2.347696350198292e7
1.7916e25,6.450479937206279e10,1.0e-8,2.343700392530534e7
1.7916e25,7.27955931317221e10,1.0e-8,2.3395388455867656e7
1.7916e25,8.215200157175165e10,1.0e-8,2.336310563070452e7
1.7916e25,9.271098801314798e10,1.0e-8,2.3333097338916447e7
1.7916e25,1.0462711965534886e11,1.0e-8,2.330866479643277e7
1.7916e25,1.1807483020051779e11,1.0e-8,2.3278735310798414e7
1.7916e25,1.3325097329264297e11,1.0e-8,2.3263802563339427e7
1.7916e25,1.5037770414984564e11,1.0e-8,2.3250483520070363e7
1.7916e25,1.697057315725215e11,1.0e-8,2.3249876718949277e7
1.7916e25,1.9151798793168564e11,1.0e-8,2.3245601203316655e7
1.7916e25,2.1613377086045517e11,1.0e-8,2.326119436741925e7
1.7916e25,2.4391341727661914e11,1.0e-8,2.3260896767791733e7
1.7916e25,2.752635781567402e11,1.0e-8,2.332744911620889e7
1.7916e25,3.106431712763152e11,1.0e-8,2.3317071424858354e7
1.7916e25,3.50570099054869e11,1.0e-8,2.333612126712281e7
1.7916e25,3.95628829844846e11,1.0e-8,2.3283826131573692e7
1.7916e25,4.4647895364260455e11,1.0e-8,2.333879580369495e7
1.7916e25,5.0386483746387146e11,1.0e-8,2.3300922623909663e7
1.7916e25,5.686265217233893e11,1.0e-8,2.3278823005333092e7
1.7916e25,6.417120171248813e11,1.0e-8,2.331397976483263e7
1.7916e25,7.241911820687164e11,1.0e-8,2.329591280992218e7
1.7916e25,8.172713837210608e11,1.0e-8,2.3277980669786025e7
1.7916e25,9.223151719982683e11,1.0e-8,2.327408992874739e7
1.7916e25,1.0408602251862667e12,1.0e-8,2.3269382806648612e7
1.7916e25,1.1746418591678938e12,1.0e-8,2.3270602785420675e7
1.7916e25,1.3256184297584172e12,1.0e-8,2.3231379140708126e7
1.7916e25,1.4960000000000024e12,1.0e-8,2.3267468538450956e7
1.7916e25,4.4880000000000084e10,1.0e-10,1.7675627631501075e7
1.7916e25,5.064842076179947e10,1.0e-10,1.740557905181099e7
1.7916e25,5.7158255919435715e10,1.0e-10,1.713769726065962e7
1.7916e25,6.450479937206279e10,1.0e-10,1.6913247243223004e7
1.7916e25,7.27955931317221e10,1.0e-10,1.6696147134807244e7
1.7916e25,8.215200157175165e10,1.0e-10,1.6526868135270469e7
1.7916e25,9.271098801314798e10,1.0e-10,1.6455739809484236e7
1.7916e25,1.0462711965534886e11,1.0e-10,1.6350334993326776e7
1.7916e25,1.1807483020051779e11,1.0e-10,1.6303702175826091e7
1.7916e25,1.3325097329264297e11,1.0e-10,1.6259080154659254e7
1.7916e25,1.5037770414984564e11,1.0e-10,1.6248191980602901e7
1.7916e25,1.697057315725215e11,1.0e-10,1.6202497529087113e7
1.7916e25,1.9151798793168564e11,1.0e-10,1.6189678920214515e7
1.7916e25,2.1613377086045517e11,1.0e-10,1.6235349611402782e7
1.7916e25,2.4391341727661914e11,1.0e-10,1.6222335934585778e7
1.7916e25,2.752635781567402e11,1.0e-10,1.622267680889338e7
1.7916e25,3.106431712763152e11,1.0e-10,1.6201750804692945e7
1.7916e25,3.50570099054869e11,1.0e-10,1.6190173389106924e7
1.7916e25,3.95628829844846e11,1.0e-10,1.6199279534455378e7
1.7916e25,4.4647895364260455e11,1.0e-10,1.6165414822105179e7
1.7916e25,5.0386483746387146e11,1.0e-10,1.6154723009774907e7
1.7916e25,5.686265217233893e11,1.0e-10,1.616675973875363e7
1.7916e25,6.417120171248813e11,1.0e-10,1.6182690684672432e7
1.7916e25,7.241911820687164e11,1.0e-10,1.6183797404169368e7
1.7916e25,8.172713837210608e11,1.0e-10,1.617276647233653e7
1.7916e25,9.223151719982683e11,1.0e-10,1.6171527214956574e7
1.7916e25,1.0408602251862667e12,1.0e-10,1.6165932654474314e7
1.7916e25,1.1746418591678938e12,1.0e-10,1.6155154706109008e7
1.7916e25,1.3256184297584172e12,1.0e-10,1.6116411055445159e7
1.7916e25,1.4960000000000024e12,1.0e-10,1.6122505621826831e7
1.7916e25,4.4880000000000084e10,1.0e-12,1.6351027472429378e7
1.7916e25,5.064842076179947e10,1.0e-12,1.583232298608517e7
1.7916e25,5.7158255919435715e10,1.0e-12,1.554998555843503e7
1.7916e25,6.450479937206279e10,1.0e-12,1.5185160083171751e7
1.7916e25,7.27955931317221e10,1.0e-12,1.4903387250154827e7
1.7916e25,8.215200157175165e10,1.0e-12,1.460263168997545e7
1.7916e25,9.271098801314798e10,1.0e-12,1.4398955402483141e7
1.7916e25,1.0462711965534886e11,1.0e-12,1.4159188605439233e7
1.7916e25,1.1807483020051779e11,1.0e-12,1.4000041926012522e7
1.7916e25,1.3325097329264297e11,1.0e-12,1.3873647438323941e7
1.7916e25,1.5037770414984564e11,1.0e-12,1.368041908407476e7
1.7916e25,1.697057315725215e11,1.0e-12,1.3617318672359202e7
1.7916e25,1.9151798793168564e11,1.0e-12,1.3598317745763127e7
1.7916e25,2.1613377086045517e11,1.0e-12,1.3552280467201587e7
1.7916e25,2.4391341727661914e11,1.0e-12,1.351478620102537e7
1.7916e25,2.752635781567402e11,1.0e-12,1.3476744556545164e7
1.7916e25,3.106431712763152e11,1.0e-12,1.3441668807263646e7
1.7916e25,3.50570099054869e11,1.0e-12,1.3379633284951013e7
1.7916e25,3.95628829844846e11,1.0e-12,1.3361965858136091e7
1.7916e25,4.4647895364260455e11,1.0e-12,1.3323325408141112e7
1.7916e25,5.0386483746387146e11,1.0e-12,1.3315729965553276e7
1.7916e25,5.686265217233893e11,1.0e-12,1.3304273971575875e7
1.7916e25,6.417120171248813e11,1.0e-12,1.330638684524642e7
1.7916e25,7.241911820687164e11,1.0e-12,1.3297205669743659e7
1.7916e25,8.172713837210608e11,1.0e-12,1.3295328155240541e7
1.7916e25,9.223151719982683e11,1.0e-12,1.330821961269738e7
1.7916e25,1.0408602251862667e12,1.0e-12,1.330003468721197e7
1.7916e25,1.1746418591678938e12,1.0e-12,1.3281087868330516e7
1.7916e25,1.3256184297584172e12,1.0e-12,1.3238615334704474e7
1.7916e25,1.4960000000000024e12,1.0e-12,1.3214388130659608e7
1.7916e25,4.4880000000000084e10,1.0e-14,1.6305770210922133e7
1.7916e25,5.064842076179947e10,1.0e-14,1.5717804063351307e7
1.7916e25,5.7158255919435715e10,1.0e-14,1.5418079933713056e7
1.7916e25,6.450479937206279e10,1.0e-14,1.4845301644478664e7
1.7916e25,7.27955931317221e10,1.0e-14,1.4580711846685996e7
1.7916e25,8.215200157175165e10,1.0e-14,1.4236783634989366e7
1.7916e25,9.271098801314798e10,1.0e-14,1.4054297280169146e7
1.7916e25,1.0462711965534886e11,1.0e-14,1.3871586827207044e7
1.7916e25,1.1807483020051779e11,1.0e-14,1.366283461152175e7
1.7916e25,1.3325097329264297e11,1.0e-14,1.3401999057504972e7
1.7916e25,1.5037770414984564e11,1.0e-14,1.327723010916593e7
1.7916e25,1.697057315725215e11,1.0e-14,1.3167283905037137e7
1.7916e25,1.9151798793168564e11,1.0e-14,1.3096637495046692e7
1.7916e25,2.1613377086045517e11,1.0e-14,1.3032899127427688e7
1.7916e25,2.4391341727661914e11,1.0e-14,1.288656205389572e7
1.7916e25,2.752635781567402e11,1.0e-14,1.2706047070049854e7
1.7916e25,3.106431712763152e11,1.0e-14,1.267484940410857e7
1.7916e25,3.50570099054869e11,1.0e-14,1.2545287194458704e7
1.7916e25,3.95628829844846e11,1.0e-14,1.245353671169086e7
1.7916e25,4.4647895364260455e11,1.0e-14,1.2336922986235626e7
1.7916e25,5.0386483746387146e11,1.0e-14,1.2298608373791942e7
1.7916e25,5.686265217233893e11,1.0e-14,1.2276132673794687e7
1.7916e25,6.417120171248813e11,1.0e-14,1.231159459901118e7
1.7916e25,7.241911820687164e11,1.0e-14,1.229224160474026e7
1.7916e25,8.172713837210608e11,1.0e-14,1.225458907391441e7
1.7916e25,9.223151719982683e11,1.0e-14,1.2229979611675402e7
1.7916e25,1.0408602251862667e12,1.0e-14,1.2189163786390312e7
1.7916e25,1.1746418591678938e12,1.0e-14,1.2188471115880651e7
1.7916e25,1.3256184297584172e12,1.0e-14,1.2093737968743568e7
1.7916e25,1.4960000000000024e12,1.0e-14,1.1900841763654353e7
2.9860000000000004e25,4.4880000000000084e10,1.0e-8,2.1175172075407982e7
2.9860000000000004e25,5.064842076179947e10,1.0e-8,2.1135308047079556e7
2.9860000000000004e25,5.7158255919435715e10,1.0e-8,2.110259526175688e7
2.9860000000000004e25,6.450479937206279e10,1.0e-8,2.1081690294028714e7
2.9860000000000004e25,7.27955931317221e10,1.0e-8,2.1064712368085757e7
2.9860000000000004e25,8.215200157175165e10,1.0e-8,2.104556026859311e7
2.9860000000000004e25,9.271098801314798e10,1.0e-8,2.1031650531200044e7
2.9860000000000004e25,1.0462711965534886e11,1.0e-8,2.102417391154311e7
2.9860000000000004e25,1.1807483020051779e11,1.0e-8,2.1016332660382785e7
2.9860000000000004e25,1.3325097329264297e11,1.0e-8,2.1005575401372742e7
2.9860000000000004e25,1.5037770414984564e11,1.0e-8,2.100331932900649e7
2.9860000000000004e25,1.697057315725215e11,1.0e-8,2.1006130441779654e7
2.9860000000000004e25,1.9151798793168564e11,1.0e-8,2.1008746579900194e7
2.9860000000000004e25,2.1613377086045517e11,1.0e-8,2.103175938527629e7
2.9860000000000004e25,2.4391341727661914e11,1.0e-8,2.1022915971265655e7
2.9860000000000004e25,2.752635781567402e11,1.0e-8,2.1023254219637383e7
2.9860000000000004e25,3.106431712763152e11,1.0e-8,2.1022511023688894e7
2.9860000000000004e25,3.50570099054869e11,1.0e-8,2.1013600399766214e7
2.9860000000000004e25,3.95628829844846e11,1.0e-8,2.1016098806854278e7
2.9860000000000004e25,4.4647895364260455e11,1.0e-8,2.1017501782704443e7
2.9860000000000004e25,5.0386483746387146e11,1.0e-8,2.1016029755942408e7
2.9860000000000004e25,5.686265217233893e11,1.0e-8,2.102697736418183e7
2.9860000000000004e25,6.417120171248813e11,1.0e-8,2.1018339599473465e7
2.9860000000000004e25,7.241911820687164e11,1.0e-8,2.1014187678328328e7
2.9860000000000004e25,8.172713837210608e11,1.0e-8,2.112397137504527e7
2.9860000000000004e25,9.223151719982683e11,1.0e-8,2.100300629594971e7
2.9860000000000004e25,1.0408602251862667e12,1.0e-8,2.1009689772271328e7
2.9860000000000004e25,1.1746418591678938e12,1.0e-8,2.100707640853461e7
2.9860000000000004e25,1.3256184297584172e12,1.0e-8,2.0982492826567873e7
2.9860000000000004e25,1.4960000000000024e12,1.0e-8,2.0982697444687862e7
2.9860000000000004e25,4.4880000000000084e10,1.0e-10,1.764131432915293e7
2.9860000000000004e25,5.064842076179947e10,1.0e-10,1.7392046560198378e7
2.9860000000000004e25,5.7158255919435715e10,1.0e-10,1.7243829414621815e7
2.9860000000000004e25,6.450479937206279e10,1.0e-10,1.7096902803312626e7
2.9860000000000004e25,7.27955931317221e10,1.0e-10,1.6978686016465034e7
2.9860000000000004e25,8.215200157175165e10,1.0e-10,1.6869005775452245e7
2.9860000000000004e25,9.271098801314798e10,1.0e-10,1.680835307483034e7
2.9860000000000004e25,1.0462711965534886e11,1.0e-10,1.6744228842621295e7
2.9860000000000004e25,1.1807483020051779e11,1.0e-10,1.6717455902323963e7
2.9860000000000004e25,1.3325097329264297e11,1.0e-10,1.6702788925891384e7
2.9860000000000004e25,1.5037770414984564e11,1.0e-10,1.6679305875141798e7
2.9860000000000004e25,1.697057315725215e11,1.0e-10,1.6675616068666643e7
2.9860000000000004e25,1.9151798793168564e11,1.0e-10,1.6683698689637428e7
2.9860000000000004e25,2.1613377086045517e11,1.0e-10,1.6683035820101697e7
2.9860000000000004e25,2.4391341727661914e11,1.0e-10,1.6675023617574997e7
2.9860000000000004e25,2.752635781567402e11,1.0e-10,1.6667442749765001e7
2.9860000000000004e25,3.106431712763152e11,1.0e-10,1.6672722507238494e7
2.9860000000000004e25,3.50570099054869e11,1.0e-10,1.6660031687549504e7
2.9860000000000004e25,3.95628829844846e11,1.0e-10,1.6656610946067173e7
2.9860000000000004e25,4.4647895364260455e11,1.0e-10,1.6665568572695354e7
2.9860000000000004e25,5.0386483746387146e11,1.0e-10,1.6645144419936072e7
2.9860000000000004e25,5.686265217233893e11,1.0e-10,1.6651697325832814e7
2.9860000000000004e25,6.417120171248813e11,1.0e-10,1.664713407592826e7
2.9860000000000004e25,7.241911820687164e11,1.0e-10,1.6650533624712653e7
2.9860000000000004e25,8.172713837210608e11,1.0e-10,1.6636068085002437e7
2.9860000000000004e25,9.223151719982683e11,1.0e-10,1.663272016954309e7
2.9860000000000004e25,1.0408602251862667e12,1.0e-10,1.6659136865763824e7
2.9860000000000004e25,1.1746418591678938e12,1.0e-10,1.6621863023117214e7
2.9860000000000004e25,1.3256184297584172e12,1.0e-10,1.6608535446975317e7
2.9860000000000004e25,1.4960000000000024e12,1.0e-10,1.6592707471837409e7
2.9860000000000004e25,4.4880000000000084e10,1.0e-12,1.6391608948360877e7
2.9860000000000004e25,5.064842076179947e10,1.0e-12,1.6078391555643804e7
2.9860000000000004e25,5.7158255919435715e10,1.0e-12,1.5873943685774967e7
2.9860000000000004e25,6.450479937206279e10,1.0e-12,1.5627636755137518e7
2.9860000000000004e25,7.27955931317221e10,1.0e-12,1.5481806702549664e7
2.9860000000000004e25,8.215200157175165e10,1.0e-12,1.5281315665332248e7
2.9860000000000004e25,9.271098801314798e10,1.0e-12,1.5089927748874465e7
2.9860000000000004e25,1.0462711965534886e11,1.0e-12,1.5052393372035922e7
2.9860000000000004e25,1.1807483020051779e11,1.0e-12,1.4925731478976713e7
2.9860000000000004e25,1.3325097329264297e11,1.0e-12,1.4742738745342124e7
2.9860000000000004e25,1.5037770414984564e11,1.0e-12,1.46758547940325e7
2.9860000000000004e25,1.697057315725215e11,1.0e-12,1.4596254942474157e7
2.9860000000000004e25,1.9151798793168564e11,1.0e-12,1.4605691196179012e7
2.9860000000000004e25,2.1613377086045517e11,1.0e-12,1.4577651845302213e7
2.9860000000000004e25,2.4391341727661914e11,1.0e-12,1.4523568324959971e7
2.9860000000000004e25,2.752635781567402e11,1.0e-12,1.4489546132740766e7
2.9860000000000004e25,3.106431712763152e11,1.0e-12,1.4441392827103434e7
2.9860000000000004e25,3.50570099054869e11,1.0e-12,1.4451085748279862e7
2.9860000000000004e25,3.95628829844846e11,1.0e-12,1.438002234886707e7
2.9860000000000004e25,4.4647895364260455e11,1.0e-12,1.4381286235268464e7
2.9860000000000004e25,5.0386483746387146e11,1.0e-12,1.4357430686431969e7
2.9860000000000004e25,5.686265217233893e11,1.0e-12,1.4340226216908408e7
2.9860000000000004e25,6.417120171248813e11,1.0e-12,1.4331649188070668e7
2.9860000000000004e25,7.241911820687164e11,1.0e-12,1.4338217614613289e7
2.9860000000000004e25,8.172713837210608e11,1.0e-12,1.4334810902871009e7
2.9860000000000004e25,9.223151719982683e11,1.0e-12,1.4324487018845677e7
2.9860000000000004e25,1.0408602251862667e12,1.0e-12,1.4460660796545304e7
2.9860000000000004e25,1.1746418591678938e12,1.0e-12,1.431624795376595e7
2.9860000000000004e25,1.3256184297584172e12,1.0e-12,1.428701648459931e7
2.9860000000000004e25,1.4960000000000024e12,1.0e-12,1.4277651943826875e7
2.9860000000000004e25,4.4880000000000084e10,1.0e-14,1.6287929190762872e7
2.9860000000000004e25,5.064842076179947e10,1.0e-14,1.5942540744813742e7
2.9860000000000004e25,5.7158255919435715e10,1.0e-14,1.5563642219047213e7
2.9860000000000004e25,6.450479937206279e10,1.0e-14,1.5331492855690978e7
2.9860000000000004e25,7.27955931317221e10,1.0e-14,1.4986493915183874e7
2.9860000000000004e25,8.215200157175165e10,1.0e-14,1.482557959436906e7
2.9860000000000004e25,9.271098801314798e10,1.0e-14,1.4683940207844617e7
2.9860000000000004e25,1.0462711965534886e11,1.0e-14,1.4587731691073623e7
2.9860000000000004e25,1.1807483020051779e11,1.0e-14,1.445608399804092e7
2.9860000000000004e25,1.3325097329264297e11,1.0e-14,1.4264331135026546e7
2.9860000000000004e25,1.5037770414984564e11,1.0e-14,1.4212972610518886e7
2.9860000000000004e25,1.697057315725215e11,1.0e-14,1.4084063257192329e7
2.9860000000000004e25,1.9151798793168564e11,1.0e-14,1.4072482934747854e7
2.9860000000000004e25,2.1613377086045517e11,1.0e-14,1.397998239338856e7
2.9860000000000004e25,2.4391341727661914e11,1.0e-14,1.3902099615165947e7
2.9860000000000004e25,2.752635781567402e11,1.0e-14,1.39160888053626e7
2.9860000000000004e25,3.106431712763152e11,1.0e-14,1.3780594966771474e7
2.9860000000000004e25,3.50570099054869e11,1.0e-14,1.367644957712812e7
2.9860000000000004e25,3.95628829844846e11,1.0e-14,1.362202250527128e7
2.9860000000000004e25,4.4647895364260455e11,1.0e-14,1.35399144059147e7
2.9860000000000004e25,5.0386483746387146e11,1.0e-14,1.3489694094565473e7
2.9860000000000004e25,5.686265217233893e11,1.0e-14,1.3483923975879392e7
2.9860000000000004e25,6.417120171248813e11,1.0e-14,1.3498575100930732e7
2.9860000000000004e25,7.241911820687164e11,1.0e-14,1.3482017258975886e7
2.9860000000000004e25,8.172713837210608e11,1.0e-14,1.3480666894867253e7
2.9860000000000004e25,9.223151719982683e11,1.0e-14,1.3419154397569653e7
2.9860000000000004e25,1.0408602251862667e12,1.0e-14,1.3394523359106204e7
2.9860000000000004e25,1.1746418591678938e12,1.0e-14,1.3361834328334922e7
2.9860000000000004e25,1.3256184297584172e12,1.0e-14,1.328431193675016e7
2.9860000000000004e25,1.4960000000000024e12,1.0e-14,1.3168855944319334e7
5.972000000000001e25,4.4880000000000084e10,1.0e-8,2.021158657186373e7
5.972000000000001e25,5.064842076179947e10,1.0e-8,2.0191305298872557e7
5.972000000000001e25,5.7158255919435715e10,1.0e-8,2.017013351305541e7
5.972000000000001e25,6.450479937206279e10,1.0e-8,2.0170702299675237e7
5.972000000000001e25,7.27955931317221e10,1.0e-8,2.0154377495320015e7
5.972000000000001e25,8.215200157175165e10,1.0e-8,2.0148033924337186e7
5.972000000000001e25,9.271098801314798e10,1.0e-8,2.0149423731953204e7
5.972000000000001e25,1.0462711965534886e11,1.0e-8,2.0164328870533522e7
5.972000000000001e25,1.1807483020051779e11,1.0e-8,2.016391344949235e7
5.972000000000001e25,1.3325097329264297e11,1.0e-8,2.0157831722188964e7
5.972000000000001e25,1.5037770414984564e11,1.0e-8,2.0128451117981825e7
5.972000000000001e25,1.697057315725215e11,1.0e-8,2.0155662192264687e7
5.972000000000001e25,1.9151798793168564e11,1.0e-8,2.0148658381215066e7
5.972000000000001e25,2.1613377086045517e11,1.0e-8,2.0143520704578973e7
5.972000000000001e25,2.4391341727661914e11,1.0e-8,2.0143246287463054e7
5.972000000000001e25,2.752635781567402e11,1.0e-8,2.0147419372942556e7
5.972000000000001e25,3.106431712763152e11,1.0e-8,2.014339094130498e7
5.972000000000001e25,3.50570099054869e11,1.0e-8,2.0143754277434852e7
5.972000000000001e25,3.95628829844846e11,1.0e-8,2.0164838246863116e7
5.972000000000001e25,4.4647895364260455e11,1.0e-8,2.012978048523078e7
5.972000000000001e25,5.0386483746387146e11,1.0e-8,2.0138651298543017e7
5.972000000000001e25,5.686265217233893e11,1.0e-8,2.0166099222728208e7
5.972000000000001e25,6.417120171248813e11,1.0e-8,2.0142977619760085e7
5.972000000000001e25,7.241911820687164e11,1.0e-8,2.013950016716506e7
5.972000000000001e25,8.172713837210608e11,1.0e-8,2.015326186276902e7
5.972000000000001e25,9.223151719982683e11,1.0e-8,2.019046114063631e7
5.972000000000001e25,1.0408602251862667e12,1.0e-8,2.012796870566257e7
5.972000000000001e25,1.1746418591678938e12,1.0e-8,2.0143540679532703e7
5.972000000000001e25,1.3256184297584172e12,1.0e-8,2.0129786631668285e7
5.972000000000001e25,1.4960000000000024e12,1.0e-8,2.0133987624931697e7
5.972000000000001e25,4.4880000000000084e10,1.0e-10,1.8334424000983756e7
5.972000000000001e25,5.064842076179947e10,1.0e-10,1.820197417957322e7
5.972000000000001e25,5.7158255919435715e10,1.0e-10,1.8118738109571155e7
5.972000000000001e25,6.450479937206279e10,1.0e-10,1.8028780395782348e7
5.972000000000001e25,7.27955931317221e10,1.0e-10,1.797594786537232e7
5.972000000000001e25,8.215200157175165e10,1.0e-10,1.7924635882881053e7
5.972000000000001e25,9.271098801314798e10,1.0e-10,1.787958136828806e7
5.972000000000001e25,1.0462711965534886e11,1.0e-10,1.7937486031682756e7
5.972000000000001e25,1.1807483020051779e11,1.0e-10,1.784007341839721e7
5.972000000000001e25,1.3325097329264297e11,1.0e-10,1.7824125234868675e7
5.972000000000001e25,1.5037770414984564e11,1.0e-10,1.7807826792676087e7
5.972000000000001e25,1.697057315725215e11,1.0e-10,1.7807430080977716e7
5.972000000000001e25,1.9151798793168564e11,1.0e-10,1.7814118184418105e7
5.972000000000001e25,2.1613377086045517e11,1.0e-10,1.7812852139876816e7
5.972000000000001e25,2.4391341727661914e11,1.0e-10,1.7810702328514125e7
5.972000000000001e25,2.752635781567402e11,1.0e-10,1.779873744324445e7
5.972000000000001e25,3.106431712763152e11,1.0e-10,1.7794819619647443e7
5.972000000000001e25,3.50570099054869e11,1.0e-10,1.7794246039285526e7
5.972000000000001e25,3.95628829844846e11,1.0e-10,1.7787250946739197e7
5.972000000000001e25,4.4647895364260455e11,1.0e-10,1.778835449890854e7
5.972000000000001e25,5.0386483746387146e11,1.0e-10,1.778683153339071e7
5.972000000000001e25,5.686265217233893e11,1.0e-10,1.778524398002469e7
5.972000000000001e25,6.417120171248813e11,1.0e-10,1.778194079268424e7
5.972000000000001e25,7.241911820687164e11,1.0e-10,1.778666697606429e7
5.972000000000001e25,8.172713837210608e11,1.0e-10,1.7785584105201717e7
5.972000000000001e25,9.223151719982683e11,1.0e-10,1.7782079249404557e7
5.972000000000001e25,1.0408602251862667e12,1.0e-10,1.777920100609226e7
5.972000000000001e25,1.1746418591678938e12,1.0e-10,1.777116680395054e7
5.972000000000001e25,1.3256184297584172e12,1.0e-10,1.7768653659361713e7
5.972000000000001e25,1.4960000000000024e12,1.0e-10,1.776158079251531e7
5.972000000000001e25,4.4880000000000084e10,1.0e-12,1.7384749364842594e7
5.972000000000001e25,5.064842076179947e10,1.0e-12,1.7219740241798677e7
5.972000000000001e25,5.7158255919435715e10,1.0e-12,1.7013577522107497e7
5.972000000000001e25,6.450479937206279e10,1.0e-12,1.6921959244206514e7
5.972000000000001e25,7.27955931317221e10,1.0e-12,1.677114849414567e7
5.972000000000001e25,8.215200157175165e10,1.0e-12,1.667484100881364e7
5.972000000000001e25,9.271098801314798e10,1.0e-12,1.6556970931298751e7
5.972000000000001e25,1.0462711965534886e11,1.0e-12,1.6515612509072216e7
5.972000000000001e25,1.1807483020051779e11,1.0e-12,1.6433216318928197e7
5.972000000000001e25,1.3325097329264297e11,1.0e-12,1.6371735968020068e7
5.972000000000001e25,1.5037770414984564e11,1.0e-12,1.6339311235013854e7
5.972000000000001e25,1.697057315725215e11,1.0e-12,1.629411787774035e7
5.972000000000001e25,1.9151798793168564e11,1.0e-12,1.6280688989681037e7
5.972000000000001e25,2.1613377086045517e11,1.0e-12,1.6228479235712437e7
5.972000000000001e25,2.4391341727661914e11,1.0e-12,1.6210064936644366e7
5.972000000000001e25,2.752635781567402e11,1.0e-12,1.618225495479538e7
5.972000000000001e25,3.106431712763152e11,1.0e-12,1.6167116954353323e7
5.972000000000001e25,3.50570099054869e11,1.0e-12,1.6139397250144681e7
5.972000000000001e25,3.95628829844846e11,1.0e-12,1.612736467762402e7
5.972000000000001e25,4.4647895364260455e11,1.0e-12,1.6101907136425136e7
5.972000000000001e25,5.0386483746387146e11,1.0e-12,1.6102092676610284e7
5.972000000000001e25,5.686265217233893e11,1.0e-12,1.6113167759175591e7
5.972000000000001e25,6.417120171248813e11,1.0e-12,1.6090346818041606e7
5.972000000000001e25,7.241911820687164e11,1.0e-12,1.6091230190887922e7
5.972000000000001e25,8.172713837210608e11,1.0e-12,1.6080770270921988e7
5.972000000000001e25,9.223151719982683e11,1.0e-12,1.6087143970241243e7
5.972000000000001e25,1.0408602251862667e12,1.0e-12,1.6070804382141601e7
5.972000000000001e25,1.1746418591678938e12,1.0e-12,1.608017513594161e7
5.972000000000001e25,1.3256184297584172e12,1.0e-12,1.6063712503866328e7
5.972000000000001e25,1.4960000000000024e12,1.0e-12,1.6048127627283629e7
5.972000000000001e25,4.4880000000000084e10,1.0e-14,1.724891071817592e7
5.972000000000001e25,5.064842076179947e10,1.0e-14,1.7011707637226757e7
5.972000000000001e25,5.7158255919435715e10,1.0e-14,1.6578462654902015e7
5.972000000000001e25,6.450479937206279e10,1.0e-14,1.638577924863011e7
5.972000000000001e25,7.27955931317221e10,1.0e-14,1.6262583745752657e7
5.972000000000001e25,8.215200157175165e10,1.0e-14,1.613431851412498e7
5.972000000000001e25,9.271098801314798e10,1.0e-14,1.6073152621781113e7
5.972000000000001e25,1.0462711965534886e11,1.0e-14,1.6030352828582842e7
5.972000000000001e25,1.1807483020051779e11,1.0e-14,1.591138893602311e7
5.972000000000001e25,1.3325097329264297e11,1.0e-14,1.5813766151972508e7
5.972000000000001e25,1.5037770414984564e11,1.0e-14,1.5740250798124224e7
5.972000000000001e25,1.697057315725215e11,1.0e-14,1.578497078182347e7
5.972000000000001e25,1.9151798793168564e11,1.0e-14,1.5708432829784324e7
5.972000000000001e25,2.1613377086045517e11,1.0e-14,1.5628816738533909e7
5.972000000000001e25,2.4391341727661914e11,1.0e-14,1.5591356073042464e7
5.972000000000001e25,2.752635781567402e11,1.0e-14,1.5563796641900098e7
5.972000000000001e25,3.106431712763152e11,1.0e-14,1.5527461098667925e7
5.972000000000001e25,3.50570099054869e11,1.0e-14,1.5453797121226408e7
5.972000000000001e25,3.95628829844846e11,1.0e-14,1.543233823370933e7
5.972000000000001e25,4.4647895364260455e11,1.0e-14,1.5400157692309303e7
5.972000000000001e25,5.0386483746387146e11,1.0e-14,1.5346591202782033e7
5.972000000000001e25,5.686265217233893e11,1.0e-14,1.534586437914377e7
5.972000000000001e25,6.417120171248813e11,1.0e-14,1.5335426257815653e7
5.972000000000001e25,7.241911820687164e11,1.0e-14,1.5336408274783432e7
5.972000000000001e25,8.172713837210608e11,1.0e-14,1.5331248044584021e7
5.972000000000001e25,9.223151719982683e11,1.0e-14,1.5312903553727392e7
5.972000000000001e25,1.0408602251862667e12,1.0e-14,1.5280016422418764e7
5.972000000000001e25,1.1746418591678938e12,1.0e-14,1.5291535912517443e7
5.972000000000001e25,1.3256184297584172e12,1.0e-14,1.52630759095751e7
5.972000000000001e25,1.4960000000000024e12,1.0e-14,1.5131434558095533e7
